Id,Prob
1,1
2,1
3,0.995601
4,0.999989
5,0.999946
6,0.999999
7,1
8,0.052178
9,0.999999
10,3.95775e-05
11,1
12,1
13,1
14,1
15,0.999998
16,1
17,0.999895
18,0.999934
19,1
20,0.000136137
21,0.999999
22,0.999943
23,0.999957
24,1
25,0.0344371
26,0.999993
27,0.000346422
28,0.999991
29,1
30,1
31,1
32,1
33,0.999597
34,0.435535
35,1
36,0.999933
37,0.99991
38,1
39,0.999993
40,0.999999
41,1.19209e-07
42,0.00093931
43,0.99998
44,2.38419e-07
45,1
46,0.986132
47,0.999968
48,1
49,0.99977
50,1
51,0.999991
52,1
53,0.999664
54,0.999999
55,0.999993
56,0.999995
57,0.999996
58,0.996813
59,1
60,0.999977
61,0.999999
62,1
63,0.999957
64,0.999998
65,1
66,0.999999
67,0.999951
68,1
69,0.999999
70,0.999995
71,0.0287228
72,0.999998
73,0.999998
74,1
75,1
76,1
77,0.999616
78,1
79,1
80,0.999993
81,1
82,1
83,0.999938
84,0.999998
85,0.999997
86,0.999999
87,0.996616
88,1
89,0.999999
90,0.999538
91,1
92,0.999332
93,1
94,2.38419e-06
95,0.999995
96,0.00033772
97,0.999477
98,1
99,0.997484
100,1
101,1
102,0.999722
103,0.999944
104,1
105,0.999999
106,0.999999
107,0.999977
108,1
109,0.982383
110,0.228018
111,1
112,0.999998
113,0.999994
114,1
115,1
116,0.998988
117,0.999999
118,1
119,0.999846
120,1
121,0.93732
122,0.99983
123,1
124,1
125,0.999999
126,0
127,1
128,1
129,0.999816
130,1
131,0.269076
132,1
133,1
134,0.992491
135,1
136,0.999988
137,0.999976
138,0.95245
139,0.991604
140,0.999987
141,1
142,0.999961
143,0.0426185
144,0.999864
145,0.392639
146,0.999987
147,1
148,0.540143
149,0.999915
150,0.999553
151,1
152,1
153,1
154,0.999998
155,1
156,0.999999
157,0.895338
158,0.999999
159,1
160,0.991893
161,1
162,0.999999
163,0.999984
164,0.999994
165,3.09944e-06
166,1
167,0.999984
168,0.999844
169,1
170,0.998135
171,0.999958
172,0.999999
173,1
174,0.999985
175,0.999845
176,0.999968
177,1
178,0.999998
179,1
180,1
181,0.105994
182,0.999998
183,0.999961
184,0.999996
185,1
186,1
187,1
188,0.999538
189,1
190,1
191,1
192,1
193,0.993752
194,0.998953
195,0.99999
196,1
197,0.9996
198,0.99477
199,0.999942
200,0.999865
201,0.999784
202,1
203,0.998799
204,1
205,0.999999
206,1
207,1
208,0.999623
209,1
210,1
211,0.999995
212,1
213,0.999999
214,0.999999
215,1
216,2.18153e-05
217,1
218,0
219,0.994181
220,0.999999
221,0
222,1
223,6.79493e-06
224,1
225,1
226,0.999991
227,1
228,0.999994
229,1
230,0.845066
231,1
232,1
233,0.999998
234,0.999965
235,0.999276
236,1
237,1
238,0.999942
239,0.999989
240,0.999194
241,0.999877
242,0.990674
243,0.999999
244,0.999993
245,0.999996
246,1
247,1
248,0.999973
249,0.999251
250,0.999862
251,1
252,0.99994
253,0.999864
254,0.977883
255,0.0983509
256,0
257,1
258,1
259,0.125387
260,1
261,0.999219
262,1
263,0.995371
264,0.99999
265,0.999929
266,1
267,1
268,0.377485
269,0.964816
270,0.999995
271,0.999966
272,1
273,0.998003
274,1
275,1
276,0.999999
277,1
278,0.99979
279,0.995954
280,1
281,1
282,0.999979
283,0
284,0.994968
285,1
286,0.999816
287,0.997494
288,0.999998
289,0.999998
290,0.999959
291,1
292,1
293,0.999999
294,0.811878
295,0.999991
296,0.999992
297,0.999997
298,0.997938
299,1
300,1
301,0.980576
302,1
303,0.999998
304,0.287744
305,0.999984
306,0.0198147
307,1
308,0.999971
309,1
310,1
311,0.29281
312,0.992601
313,0.999502
314,0.999998
315,0.00640434
316,0.999992
317,0.00020045
318,0.999998
319,1
320,0.999999
321,0.999983
322,0.0142197
323,0.969647
324,3.57628e-07
325,1
326,1
327,0.859808
328,1
329,0.997149
330,1
331,1
332,0.531444
333,0.999995
334,0.999999
335,1
336,1
337,0.000827372
338,0.992432
339,0.00298822
340,0.998117
341,1
342,0.999999
343,1
344,0.999695
345,0.0015257
346,0.99861
347,1
348,0.000124812
349,7.7486e-06
350,1
351,0.679215
352,0.999997
353,0.999999
354,0.999988
355,1
356,0.999021
357,0.999986
358,2.38419e-07
359,0.999986
360,0.987905
361,0.990989
362,1
363,0.999999
364,0.000225246
365,1
366,0.999903
367,0.999999
368,1
369,0.999922
370,0.999995
371,1
372,1
373,0.99999
374,0.999994
375,0
376,1
377,0.999998
378,0.999997
379,0
380,1
381,0.999998
382,0.990674
383,0
384,0.998851
385,1
386,0.999838
387,1
388,0
389,0.999712
390,1
391,0.999999
392,0.0494524
393,1
394,0.999999
395,1
396,0.999992
397,0.972577
398,1
399,0
400,0.999999
401,0.999988
402,1
403,0.999998
404,0.999981
405,0.999687
406,1
407,0.00837946
408,1
409,1
410,1
411,0.999909
412,0.983148
413,0.99999
414,0.997142
415,1
416,0.999999
417,9.53674e-07
418,1
419,0.999999
420,1
421,0.999631
422,0.00127035
423,1
424,0.999999
425,0.906543
426,0.999711
427,1
428,0.99999
429,0.999999
430,1
431,1
432,0.999469
433,0.121073
434,0.999757
435,0.997515
436,0.960017
437,0.999893
438,1
439,0.610491
440,1
441,1
442,1
443,0.999999
444,1
445,1
446,1
447,0.998487
448,0.999898
449,1
450,0.999998
451,1
452,0.999251
453,1
454,0.999991
455,0.999982
456,0.999978
457,1
458,0.999987
459,0.9965
460,1
461,0.996248
462,1
463,0.999985
464,1
465,0.999999
466,0.999978
467,1
468,1
469,1
470,0.999975
471,0.999999
472,0.930828
473,0.999503
474,1
475,1
476,5.96046e-07
477,1
478,0.999998
479,0.999976
480,0.999986
481,1
482,1
483,0.999782
484,1
485,0.999961
486,0.995527
487,1
488,0.999996
489,0.828665
490,1
491,0
492,0.999957
493,1
494,1
495,0.986115
496,0.999164
497,0.999997
498,0.999766
499,1
500,1
501,0.00467527
502,0
503,1
504,9.64403e-05
505,0.999826
506,1
507,0.999997
508,0.996353
509,0.99999
510,0.017422
511,1
512,1
513,0.999901
514,0.996386
515,0.999999
516,0.000226676
517,0.999891
518,0.999927
519,1
520,0.137372
521,1
522,0.699279
523,0.999999
524,0.0143272
525,1.37091e-05
526,0.999946
527,1
528,0.999989
529,1
530,1
531,1
532,1
533,1
534,1
535,0.99999
536,1
537,0
538,0.975451
539,0.973757
540,0.996748
541,0.97696
542,1
543,1
544,1
545,0.999996
546,1
547,0.999998
548,0.987162
549,0.999797
550,0.999961
551,1
552,0
553,1
554,1
555,1
556,1
557,0.999999
558,0.999375
559,0.999981
560,0.999973
561,0.395334
562,0.319871
563,1
564,0.999994
565,0.999993
566,1
567,0.999999
568,0.995064
569,0.999997
570,1
571,0.999967
572,0.99994
573,0.999935
574,1
575,1
576,0.999993
577,0.000217497
578,1
579,0.017043
580,1
581,0.116372
582,0.999998
583,1
584,1
585,1
586,0.99999
587,0.999998
588,0.00124228
589,1
590,0.999723
591,0.999757
592,1
593,0.999984
594,1
595,0
596,0.931525
597,0.999997
598,0.999966
599,0.999999
600,0.0304481
601,1
602,0.999976
603,1
604,0.999722
605,0.24879
606,1
607,0.999995
608,0.99996
609,1
610,0.175259
611,0.999468
612,0.998216
613,1
614,1
615,1
616,1
617,0.999993
618,1
619,0.998078
620,1
621,1
622,1
623,0.202579
624,1
625,0.999743
626,0.998058
627,1
628,2.38419e-07
629,0.99997
630,0.997846
631,1
632,1
633,0.999986
634,0.999999
635,1
636,1
637,0.997801
638,0.999961
639,0.916652
640,0.999996
641,1
642,0.999786
643,0.998831
644,0.993395
645,0.998468
646,0.999999
647,0.999975
648,1
649,0.999956
650,0.999903
651,1
652,1
653,0.849786
654,0.999999
655,1
656,0.999966
657,0.999998
658,0.896402
659,0.999993
660,1
661,1
662,0
663,0.999976
664,0.914597
665,1
666,0.998853
667,0.999815
668,0.999997
669,0.9998
670,0.999999
671,4.05312e-06
672,0.996663
673,1
674,1
675,1
676,0.996886
677,0.998732
678,1
679,0.995799
680,1.19209e-07
681,0.972863
682,0.948795
683,0.999998
684,1
685,0.99883
686,4.76837e-07
687,0.99998
688,1
689,0.997584
690,1
691,0.999999
692,1
693,0.999974
694,0.999233
695,0.999997
696,1
697,0.958929
698,0.999998
699,0.999998
700,0.999964
701,1
702,0.000203907
703,1
704,1
705,0.995007
706,0.998621
707,0.999998
708,0.999998
709,1
710,1
711,0.977747
712,0.307235
713,0.0102425
714,0.999884
715,0.76454
716,0.994659
717,1
718,0.999986
719,0.998114
720,0.999999
721,1
722,0.999997
723,0.00527883
724,1
725,0.46146
726,0.999154
727,1
728,0.824167
729,0.999999
730,0.997558
731,0.999973
732,7.16448e-05
733,0.203006
734,1
735,1
736,1
737,1
738,0.0768607
739,1
740,0.916404
741,0.999999
742,0.99999
743,0.999993
744,1
745,0.99965
746,1
747,1
748,0.999996
749,1
750,1
751,0.999991
752,0.999688
753,1
754,0
755,0.985052
756,0.999975
757,1
758,1
759,0.999968
760,0.342371
761,0.999997
762,1
763,0.99998
764,0.999999
765,1
766,1
767,0.999512
768,9.41753e-06
769,0.999937
770,1
771,1
772,0.999941
773,1
774,0.992765
775,0.999365
776,1
777,1
778,1
779,0.987047
780,1
781,0.99999
782,0.999986
783,0.99995
784,0.996914
785,0.95448
786,1
787,1
788,1
789,0.992821
790,0.381567
791,0
792,0.999965
793,1
794,0.999998
795,0.999991
796,0.764787
797,0.999986
798,0.999428
799,1
800,0.0927889
801,0.999777
802,0
803,1
804,0.993813
805,1
806,0.999987
807,0.984933
808,0.995304
809,0.999847
810,0.999993
811,0.999954
812,1
813,0.999424
814,0.999924
815,1
816,0.0100891
817,0.0186422
818,1
819,0
820,1
821,0.999935
822,0.862156
823,1
824,1
825,0
826,1
827,0.999251
828,1
829,0.0938379
830,0.999988
831,0.999942
832,1
833,0.994488
834,0.999949
835,1
836,1
837,1
838,1
839,0.000100732
840,0.956071
841,0.999584
842,1
843,1
844,0.999998
845,0
846,1
847,0.569796
848,1
849,1
850,1
851,1
852,1
853,0.999997
854,0.998549
855,0.999988
856,1
857,1
858,0.999999
859,1
860,1
861,0.011613
862,0.930961
863,1
864,0.999842
865,0.999997
866,0.995876
867,0.999969
868,0.999954
869,1
870,1
871,1
872,0.999992
873,0.999994
874,0.999961
875,1
876,0.999997
877,0
878,1
879,0.999964
880,0.99999
881,0.999999
882,0.999981
883,1
884,0.999999
885,0.999998
886,0.269516
887,1
888,0.999999
889,0.999999
890,1
891,0.99999
892,1
893,0.999453
894,0.999998
895,1
896,0
897,0.998512
898,1
899,0.991492
900,0.999992
901,1
902,1
903,0.999997
904,0.999997
905,0.999999
906,1
907,1
908,1
909,0.999998
910,1
911,1
912,0.999961
913,0.999999
914,0.999982
915,1
916,1
917,1
918,1
919,0.999757
920,1
921,0.999995
922,0.999983
923,1
924,1
925,1
926,1
927,0.999998
928,0.999999
929,0.999041
930,0.999997
931,1
932,0.99999
933,0.999922
934,0.954042
935,0.886497
936,0.0116273
937,0.999995
938,1
939,1
940,1
941,0.999795
942,1
943,0.999894
944,1
945,0.999993
946,0.999934
947,0.999047
948,1
949,0.00152272
950,1
951,1
952,0.999494
953,0.999999
954,0.0104139
955,8.95262e-05
956,1
957,1
958,0.999959
959,0.999892
960,1
961,0.999516
962,0
963,1
964,0.999805
965,0.999999
966,0.999999
967,0.955496
968,6.2108e-05
969,0.00486356
970,0.999974
971,0.999387
972,1
973,0.999997
974,0.0449615
975,1
976,4.95911e-05
977,0.999995
978,0.999997
979,0.999982
980,1
981,1
982,1.57356e-05
983,5.50747e-05
984,1
985,1
986,1
987,0.000308514
988,1
989,0.999995
990,1
991,0.999933
992,0.999998
993,0.999998
994,0.999934
995,0.897325
996,1
997,1
998,0.00370377
999,0.999846
1000,1
1001,1
1002,0.999969
1003,1
1004,1
1005,1
1006,0.000532687
1007,0.999967
1008,1
1009,1
1010,0.999995
1011,1
1012,0
1013,0.985523
1014,1
1015,0.999996
1016,0.999998
1017,0.998168
1018,1
1019,1
1020,0.999998
1021,0.081326
1022,1
1023,0.999998
1024,0.999651
1025,1
1026,1
1027,1
1028,1
1029,1
1030,0.988938
1031,0.987471
1032,1
1033,0.999999
1034,1
1035,1
1036,0.99413
1037,0.465528
1038,1
1039,1
1040,1
1041,0.999992
1042,0.989411
1043,1
1044,1
1045,0.0585622
1046,0.999998
1047,0.618152
1048,1
1049,1
1050,0.999995
1051,0.999984
1052,0.999995
1053,0.99998
1054,1
1055,0.844057
1056,0
1057,0.998617
1058,1
1059,0.999999
1060,1
1061,0.984086
1062,1
1063,0.99999
1064,1
1065,0.999497
1066,0.999989
1067,0
1068,1
1069,0.999972
1070,0.999945
1071,1
1072,1
1073,1
1074,0.999977
1075,0.423728
1076,0.000504494
1077,1
1078,0
1079,0.999998
1080,0.999935
1081,1
1082,0.428644
1083,0.999818
1084,0.720048
1085,1
1086,1
1087,0.984106
1088,0
1089,0.999834
1090,1
1091,1
1092,0.999997
1093,1
1094,3.32594e-05
1095,0.999882
1096,0.53657
1097,0.999972
1098,0
1099,0.999998
1100,0.999888
1101,0.999419
1102,1
1103,5.14984e-05
1104,0.999986
1105,0.999999
1106,0.999992
1107,1
1108,1
1109,0.916448
1110,1
1111,0.999785
1112,1
1113,0.998963
1114,0.999825
1115,1
1116,0.999984
1117,0.999998
1118,1
1119,0.999999
1120,0.999975
1121,0.999994
1122,1
1123,0.994997
1124,0.982162
1125,1
1126,0.999962
1127,0.999999
1128,1
1129,0.999995
1130,0.999321
1131,0.999999
1132,1
1133,0
1134,0.999999
1135,0.045545
1136,1
1137,0.999953
1138,1
1139,1
1140,0.999994
1141,0.751913
1142,1
1143,1
1144,0.935513
1145,0.98921
1146,0.999311
1147,0.999978
1148,0.507251
1149,0.999982
1150,1
1151,1
1152,0.0259082
1153,1
1154,8.57115e-05
1155,0.999992
1156,0.999998
1157,1
1158,0.999992
1159,1
1160,0.999727
1161,0.999918
1162,1
1163,1
1164,0.998813
1165,1
1166,1
1167,1
1168,0.999863
1169,0.998261
1170,0.999975
1171,0.999997
1172,0.999997
1173,0.999999
1174,0.999946
1175,0.999747
1176,1
1177,1
1178,1
1179,1
1180,0.998672
1181,1
1182,0.0313672
1183,0.999995
1184,0.994939
1185,1
1186,0.914431
1187,0.999931
1188,1.66893e-06
1189,1
1190,1.09673e-05
1191,0.999992
1192,1
1193,0.996232
1194,1
1195,0.999937
1196,0.999779
1197,1
1198,0.00852549
1199,0.999999
1200,1
1201,1
1202,1
1203,1
1204,0.999926
1205,1
1206,0.997743
1207,0.00301856
1208,0.999923
1209,0.998722
1210,0.999995
1211,0.98271
1212,5.60284e-06
1213,1
1214,4.64916e-06
1215,1
1216,1
1217,0.998011
1218,0.999649
1219,0.999465
1220,0.0251445
1221,0.999783
1222,0.99229
1223,0.99747
1224,1
1225,1
1226,0.999992
1227,1
1228,0.945635
1229,0.999999
1230,0.999427
1231,1
1232,5.22137e-05
1233,0.917593
1234,0.999999
1235,1
1236,1
1237,1
1238,0.999516
1239,0.999217
1240,1
1241,0.999999
1242,0.999922
1243,0.999945
1244,0.988889
1245,1
1246,0.970758
1247,1
1248,1
1249,1
1250,0.999999
1251,0.999999
1252,0.999577
1253,0.999994
1254,0.999993
1255,1
1256,0.999678
1257,0.999569
1258,1
1259,0.999445
1260,0.99951
1261,1
1262,1
1263,1
1264,0.999993
1265,0.997519
1266,0.999998
1267,1
1268,0.999995
1269,1
1270,0.999985
1271,0.999938
1272,1
1273,0.000344515
1274,0.999784
1275,0
1276,1
1277,0.999999
1278,9.59635e-05
1279,1
1280,1
1281,0.999984
1282,1
1283,0
1284,1
1285,0.999997
1286,1
1287,1
1288,1
1289,1
1290,0.999386
1291,0.999754
1292,0.999999
1293,0.999999
1294,1
1295,0.999968
1296,0.999997
1297,0.999031
1298,0.999999
1299,0.999998
1300,0.195778
1301,0.0201414
1302,0.999999
1303,1
1304,1
1305,0.998016
1306,1
1307,0.999997
1308,0.999985
1309,0.999001
1310,1
1311,1
1312,1
1313,1
1314,1
1315,0.999238
1316,1
1317,1
1318,0.999458
1319,0.999998
1320,0.00655395
1321,0.941745
1322,1
1323,0.991725
1324,1
1325,0.999996
1326,0.999996
1327,0.999848
1328,0
1329,0.963731
1330,0.99998
1331,0.999999
1332,0.99982
1333,1
1334,0.999985
1335,3.8147e-06
1336,1
1337,0.992362
1338,1
1339,1
1340,0.999985
1341,1
1342,1
1343,0.999978
1344,1
1345,0.018397
1346,1
1347,1
1348,0
1349,0.985567
1350,0.999995
1351,0.999997
1352,1
1353,1
1354,1
1355,0.870568
1356,0.999998
1357,1
1358,1
1359,1
1360,0.99819
1361,0.999751
1362,0.999781
1363,0.999999
1364,0.00112444
1365,1
1366,0.999919
1367,0.999999
1368,0.337854
1369,0.99919
1370,1
1371,0.00216943
1372,1.51396e-05
1373,0.999949
1374,0
1375,1
1376,0.999862
1377,0.999999
1378,0.999969
1379,2.08616e-05
1380,1
1381,1
1382,1
1383,0.999999
1384,0.999988
1385,1
1386,0
1387,0.000745237
1388,1
1389,1
1390,1
1391,0.999918
1392,0.99954
1393,7.15256e-07
1394,0
1395,0.999997
1396,1
1397,0.999995
1398,1
1399,0.999994
1400,0.999979
1401,0.995562
1402,0.999997
1403,0.999946
1404,0.999974
1405,0.999365
1406,0.999999
1407,0.999999
1408,0.999985
1409,1
1410,1
1411,1
1412,1
1413,0.0278162
1414,0.0306433
1415,1
1416,0.995088
1417,0.999807
1418,0.999926
1419,0.999465
1420,1
1421,1
1422,0.999999
1423,1
1424,1
1425,0
1426,1
1427,0.999982
1428,0.327063
1429,0.999999
1430,0.998578
1431,0.999999
1432,5.96046e-07
1433,1
1434,0.00799412
1435,1
1436,0.758042
1437,1
1438,1
1439,1
1440,0
1441,0.999966
1442,0.999987
1443,0.998519
1444,1
1445,0.999998
1446,1
1447,0.999936
1448,1
1449,0.999999
1450,0.999977
1451,0.99999
1452,1
1453,1.78814e-06
1454,0.999997
1455,0.999997
1456,0.999999
1457,1
1458,0.99918
1459,1.16825e-05
1460,1
1461,0.708059
1462,1
1463,1
1464,1
1465,1
1466,1
1467,1
1468,1
1469,0.999996
1470,0.89782
1471,0.999975
1472,1
1473,0.99999
1474,0
1475,0.99991
1476,1
1477,1
1478,0.999868
1479,1
1480,0.98822
1481,0.999981
1482,0
1483,1
1484,1
1485,0.0139369
1486,0.685099
1487,0.994922
1488,1
1489,0.999308
1490,1
1491,0.999993
1492,1.84774e-05
1493,1
1494,1
1495,1
1496,0.995417
1497,0.959252
1498,1
1499,0.999997
1500,1
1501,1
1502,1
1503,0.999999
1504,1
1505,1
1506,1
1507,0.139208
1508,0.999999
1509,0.999994
1510,0.997607
1511,1
1512,1
1513,0.999991
1514,0.999995
1515,0.993873
1516,1
1517,1
1518,0
1519,1
1520,1
1521,0.999979
1522,0.993441
1523,1
1524,1
1525,0.999984
1526,0.053355
1527,1
1528,0.999999
1529,0.999998
1530,1
1531,0.399364
1532,1
1533,1
1534,0.999496
1535,1
1536,0.999521
1537,1
1538,0.99999
1539,0.999943
1540,0.000433981
1541,1
1542,0.999638
1543,0
1544,1
1545,0.987332
1546,0.999999
1547,0.961626
1548,0.999998
1549,1
1550,0.996179
1551,1
1552,0.99973
1553,1
1554,6.65188e-05
1555,0.732257
1556,0.0580832
1557,1
1558,0.999999
1559,1
1560,0.999971
1561,0.999892
1562,0.923239
1563,1
1564,1
1565,1
1566,1
1567,0.999988
1568,0.0626219
1569,0.999894
1570,1
1571,0.999995
1572,1
1573,1.90735e-06
1574,1
1575,1
1576,1
1577,1
1578,1
1579,1
1580,1
1581,1
1582,0.999989
1583,1
1584,0.999999
1585,0.678825
1586,0.819103
1587,1
1588,0.000412881
1589,1
1590,0.999801
1591,1
1592,0.999965
1593,1
1594,1
1595,1
1596,1
1597,1
1598,0.999999
1599,0.999974
1600,0.999968
1601,0.999991
1602,0.000122428
1603,0
1604,0.999283
1605,0.999989
1606,1
1607,0.998887
1608,1
1609,1
1610,1
1611,0.0463032
1612,0.999984
1613,0
1614,0.999987
1615,0.999981
1616,1
1617,1
1618,1
1619,0.999986
1620,1
1621,0.987051
1622,1
1623,1
1624,0.999997
1625,0.0105791
1626,0.999365
1627,0.999997
1628,0.99998
1629,0.993185
1630,0.000588059
1631,1
1632,0.999999
1633,1
1634,0.999993
1635,1
1636,0.00223243
1637,0.99965
1638,0.983664
1639,1
1640,0.998987
1641,0.999922
1642,0.999984
1643,0.999994
1644,1
1645,0.999998
1646,0.999358
1647,0.999997
1648,0.999852
1649,0
1650,0.999989
1651,0.999757
1652,1
1653,1
1654,0.999978
1655,1
1656,0.995366
1657,0
1658,1
1659,1
1660,1
1661,1
1662,0.83688
1663,0
1664,1
1665,1
1666,1
1667,0.96912
1668,1
1669,1
1670,0
1671,0.999907
1672,0.999941
1673,0.999983
1674,0.999999
1675,1
1676,0.999998
1677,0.167736
1678,1
1679,0.999752
1680,1
1681,1
1682,0.999749
1683,0.999995
1684,0.999717
1685,1
1686,0.999973
1687,0.00998759
1688,1
1689,1
1690,0.999988
1691,0.999772
1692,1
1693,0.000577092
1694,1
1695,0.999981
1696,0.999493
1697,1
1698,0.991131
1699,0.999979
1700,0.999997
1701,0.413058
1702,1
1703,0.00206411
1704,0.993191
1705,0.00224549
1706,1
1707,1
1708,3.77893e-05
1709,1
1710,0.960287
1711,0.358301
1712,0.999581
1713,0.681728
1714,1
1715,0.999565
1716,0.999997
1717,0.999999
1718,0.999948
1719,0.999989
1720,1
1721,0.0825452
1722,0.999976
1723,0.0208578
1724,0.999685
1725,0.999997
1726,0.000320792
1727,0.378872
1728,0.996808
1729,0.999856
1730,0.999973
1731,0.989019
1732,1
1733,0.999981
1734,0.999959
1735,9.29832e-06
1736,1
1737,1
1738,0.999917
1739,0.999914
1740,1
1741,0.999997
1742,0.969745
1743,0.999996
1744,0.999983
1745,1
1746,1
1747,0.999999
1748,1
1749,0
1750,0.988708
1751,1
1752,1
1753,1
1754,1
1755,0.979982
1756,0.999999
1757,1
1758,1
1759,1
1760,1
1761,0.999886
1762,0.999992
1763,0.999985
1764,1
1765,0.999992
1766,1
1767,1
1768,0.999848
1769,1
1770,0.999687
1771,1
1772,0.971606
1773,1
1774,0.999988
1775,0.000161886
1776,0.999908
1777,0.997669
1778,1
1779,0.998945
1780,0.999999
1781,1
1782,0.999897
1783,3.37362e-05
1784,1
1785,0.999999
1786,1
1787,1
1788,0.928686
1789,1
1790,1
1791,0.591072
1792,3.57628e-07
1793,0.996625
1794,0.000431359
1795,0.00728118
1796,0.999765
1797,0.944707
1798,1
1799,1
1800,1
1801,0.999977
1802,0.958082
1803,0.999951
1804,0.999929
1805,0.999999
1806,1
1807,1
1808,0.98836
1809,0.993391
1810,0.999999
1811,1
1812,0.892286
1813,0.718622
1814,0.999941
1815,0.999989
1816,1
1817,0.999993
1818,1
1819,1
1820,1
1821,0.998903
1822,0.999972
1823,0.90596
1824,1
1825,0.999997
1826,0.0267276
1827,0.999462
1828,1
1829,0.996736
1830,1
1831,0.999959
1832,1.19209e-07
1833,0.99841
1834,1
1835,0.00132918
1836,0.999988
1837,1
1838,0.00386631
1839,1
1840,0.999939
1841,0.999964
1842,0.999999
1843,1
1844,0.999816
1845,0.999359
1846,0.999999
1847,1
1848,0.999746
1849,1
1850,0.999996
1851,0.999999
1852,1
1853,0.999985
1854,1
1855,0.999999
1856,0.98567
1857,0.999999
1858,1
1859,1
1860,1
1861,0.997654
1862,0.99999
1863,1
1864,1
1865,1
1866,0.999999
1867,0.999922
1868,0.999999
1869,1
1870,1
1871,0.999999
1872,1
1873,0.999999
1874,0.999985
1875,1.19209e-07
1876,1
1877,0.999997
1878,1
1879,1
1880,1
1881,0.99999
1882,0.148721
1883,0
1884,1
1885,0.999995
1886,1
1887,0.999984
1888,0.999999
1889,0.999867
1890,1
1891,0.98954
1892,0
1893,1
1894,1
1895,0.999998
1896,0.711061
1897,0.979034
1898,0.999999
1899,0.999856
1900,1
1901,1
1902,1
1903,0.999999
1904,0.998582
1905,0.98744
1906,0.999999
1907,0.999993
1908,1
1909,0.995667
1910,1
1911,1
1912,0.999084
1913,1
1914,0.907303
1915,0.984229
1916,1
1917,0.999961
1918,1.72853e-05
1919,1
1920,0.999997
1921,0.981038
1922,0.999999
1923,0
1924,0.999979
1925,0.999268
1926,1
1927,0.999999
1928,0.999374
1929,1
1930,0.999999
1931,0.999978
1932,0.999999
1933,0.999984
1934,0.997665
1935,0.997768
1936,0.999959
1937,0.999977
1938,0.999996
1939,0.999996
1940,0.999962
1941,0.999997
1942,0.509866
1943,0.99994
1944,1
1945,1
1946,0.999975
1947,1
1948,1
1949,1.19209e-07
1950,0.999976
1951,0.999999
1952,1
1953,0.999588
1954,1
1955,0.980492
1956,0.793131
1957,1
1958,0.295296
1959,0.951314
1960,0.999775
1961,1
1962,0.996592
1963,1
1964,0.999908
1965,0.999482
1966,1
1967,1
1968,0.973601
1969,0.999815
1970,0.999999
1971,1
1972,0.999999
1973,0.999973
1974,1
1975,1
1976,0.999959
1977,0.994155
1978,0.999999
1979,1
1980,0.998776
1981,0.999999
1982,1
1983,0.999999
1984,0.999989
1985,0.999537
1986,0.990798
1987,0.999997
1988,0.999995
1989,0.00372285
1990,0.999822
1991,0.999988
1992,1
1993,1
1994,0.999996
1995,1
1996,1
1997,1
1998,1
1999,0.999852
2000,1
2001,0.995523
2002,0.999689
2003,1
2004,0.999999
2005,0.99999
2006,0.000144243
2007,0.999979
2008,0.999937
2009,0.998443
2010,0.99994
2011,0.999985
2012,1
2013,0.897804
2014,1
2015,0.997965
2016,0.999992
2017,0.999998
2018,0.999997
2019,0.999883
2020,1
2021,0.0626971
2022,1
2023,0.905445
2024,0.91523
2025,1
2026,0.999999
2027,0.999997
2028,0.997923
2029,0.284996
2030,4.57764e-05
2031,0.132833
2032,1
2033,0.999925
2034,1
2035,1
2036,1
2037,0.999991
2038,0.999979
2039,1
2040,1
2041,0.989978
2042,0.999902
2043,1
2044,0.999996
2045,1
2046,1
2047,0.998706
2048,1
2049,0.999959
2050,0.975304
2051,0.912503
2052,0.999992
2053,0.999991
2054,1
2055,0.999998
2056,1
2057,1
2058,0.999997
2059,0.999991
2060,1
2061,0
2062,1
2063,1
2064,0.96366
2065,0
2066,1
2067,1
2068,1
2069,0.999998
2070,0.967772
2071,0.999981
2072,1
2073,1
2074,0.736125
2075,1
2076,0.999998
2077,0.999232
2078,1
2079,0.999964
2080,0.958001
2081,1
2082,0.999979
2083,1
2084,0.999994
2085,1
2086,0.999999
2087,1
2088,1
2089,1
2090,0.999731
2091,0.999998
2092,0.999942
2093,0.999998
2094,0.998739
2095,1
2096,1
2097,1
2098,1
2099,0.999882
2100,0.999999
2101,0.999995
2102,1
2103,1
2104,1
2105,0.999997
2106,0.999997
2107,1
2108,1
2109,1
2110,1
2111,0.711045
2112,0.999989
2113,0.999991
2114,0.999953
2115,0.999984
2116,0.999999
2117,0.999769
2118,0.999986
2119,0.999995
2120,0.999999
2121,0.999843
2122,5.96046e-07
2123,1
2124,0.999999
2125,0.999997
2126,0.0102655
2127,0.999887
2128,0.995151
2129,0.999998
2130,0.999984
2131,0.999965
2132,0.99999
2133,0.997889
2134,1
2135,1
2136,0.995491
2137,0.99999
2138,0.981427
2139,1
2140,0
2141,1
2142,0.999889
2143,0.999966
2144,0.999977
2145,1.19209e-07
2146,1
2147,0.999999
2148,3.93391e-06
2149,0.996375
2150,1
2151,0.999743
2152,0.999978
2153,0.999826
2154,0.999017
2155,1
2156,0.105757
2157,0.999999
2158,0.999999
2159,0.987463
2160,1
2161,1
2162,0.985173
2163,0.934994
2164,1
2165,1
2166,0.999867
2167,1
2168,1
2169,1
2170,0.820948
2171,0.999992
2172,1
2173,1.15633e-05
2174,1
2175,1
2176,0.911075
2177,0.999989
2178,1
2179,0.999993
2180,1
2181,1
2182,1
2183,1
2184,1
2185,1
2186,0.999999
2187,0.999999
2188,1
2189,0.999996
2190,1.19209e-07
2191,0.999247
2192,0.999981
2193,1
2194,1
2195,0.548479
2196,1
2197,1
2198,0.999996
2199,0.0699543
2200,1
2201,0.00511318
2202,0.000685811
2203,0.701081
2204,1
2205,0.999111
2206,4.29153e-06
2207,1
2208,0.997465
2209,0.000417054
2210,1
2211,1
2212,0.99976
2213,1
2214,0.999998
2215,0.999999
2216,0.999998
2217,0.00165367
2218,1.04904e-05
2219,0.997467
2220,0
2221,0.999905
2222,0.999997
2223,0.999946
2224,1
2225,0.999999
2226,0.99972
2227,0.999594
2228,0.697145
2229,0.999958
2230,7.15256e-07
2231,0.999987
2232,0.998996
2233,0.999997
2234,1
2235,0.999996
2236,0.999999
2237,0.0107798
2238,1
2239,0.889171
2240,0.999996
2241,1
2242,0.00750846
2243,0.999877
2244,0.999997
2245,0.999992
2246,1
2247,0.999995
2248,0.999982
2249,1
2250,1
2251,1
2252,1
2253,0.999989
2254,0.894715
2255,0.999895
2256,0.999999
2257,0.951829
2258,0.999999
2259,0.999999
2260,1
2261,0.999891
2262,0.999999
2263,1
2264,1
2265,1.19209e-07
2266,0.999996
2267,0.999988
2268,4.76837e-07
2269,0.997783
2270,0.000937521
2271,0.99968
2272,0
2273,1
2274,0.999998
2275,0.999928
2276,0.993334
2277,1
2278,1
2279,0.999473
2280,0.99954
2281,0.999922
2282,0.999999
2283,0.999998
2284,1
2285,1
2286,0.999928
2287,1
2288,1
2289,0
2290,1
2291,0.434956
2292,1
2293,0.999967
2294,0.999991
2295,0
2296,0.999999
2297,0.999999
2298,0.999999
2299,0.999639
2300,0.151175
2301,7.1764e-05
2302,0.000115514
2303,1
2304,0.00111765
2305,0.358108
2306,0.999833
2307,0.999998
2308,1
2309,1
2310,0.999938
2311,0.227228
2312,1
2313,1
2314,0.999948
2315,1
2316,0.999991
2317,1
2318,1
2319,0.999998
2320,1
2321,0.999981
2322,1
2323,0.944761
2324,0
2325,0.999995
2326,0.999994
2327,0.999961
2328,0.0693318
2329,1
2330,1
2331,0.000562608
2332,0.742626
2333,1
2334,0.999992
2335,0.999996
2336,0.04102
2337,0.999967
2338,0.999993
2339,0.999467
2340,0.999928
2341,0.999999
2342,0.999999
2343,0.000751913
2344,0.999992
2345,0.999328
2346,0.986956
2347,0.999992
2348,0.0215395
2349,0.999996
2350,0.999792
2351,1
2352,0.999718
2353,0.999991
2354,3.09944e-05
2355,0.987246
2356,0.999975
2357,1
2358,0.992613
2359,0.999998
2360,1
2361,0.999945
2362,1
2363,1
2364,1
2365,0.999999
2366,1
2367,0.99992
2368,0.999326
2369,0.999379
2370,0.0202839
2371,0.999988
2372,0.999934
2373,1
2374,1
2375,0.999996
2376,0.0033657
2377,1
2378,0.999996
2379,6.91414e-06
2380,1
2381,0.999999
2382,1
2383,1
2384,0.999895
2385,1
2386,0.999973
2387,1
2388,0.937249
2389,0.999998
2390,1
2391,1
2392,1
2393,1
2394,0.999984
2395,0
2396,0.999647
2397,1
2398,0.999998
2399,1
2400,0.999996
2401,1
2402,0.995462
2403,1
2404,1
2405,1
2406,0.999059
2407,0.000478506
2408,0.999996
2409,0.999653
2410,0.999925
2411,0.999996
2412,0.999835
2413,0.999938
2414,1
2415,1
2416,1
2417,1
2418,1
2419,0.899821
2420,1
2421,0.999999
2422,1
2423,0.0563806
2424,0.999995
2425,1
2426,0.158403
2427,0.999989
2428,0.999988
2429,0.999858
2430,0.999999
2431,0.990726
2432,1
2433,0.971476
2434,0
2435,0.999531
2436,0.999995
2437,0.0036484
2438,0.999651
2439,1
2440,1
2441,1
2442,0.999913
2443,1
2444,0.999997
2445,1
2446,0.999729
2447,1
2448,1
2449,0.999796
2450,1
2451,0.999089
2452,0.999921
2453,1
2454,0.991051
2455,0.999999
2456,1
2457,0.999999
2458,0.99993
2459,1
2460,1
2461,0.0168728
2462,1
2463,0.99985
2464,1
2465,1
2466,0.997379
2467,1
2468,1
2469,0.99996
2470,0.998797
2471,0.400454
2472,1
2473,1
2474,0.999757
2475,0.999984
2476,1
2477,1
2478,0.996586
2479,1
2480,0.999966
2481,0.938731
2482,0.999989
2483,1
2484,0.591354
2485,0.99999
2486,0.999914
2487,1
2488,0.957276
2489,0.999999
2490,1.72853e-05
2491,0.971793
2492,1
2493,1
2494,0.999477
2495,0.39082
2496,1
2497,1
2498,1
2499,0.999254
2500,1
2501,0.999997
2502,1
2503,0.999998
2504,0.170987
2505,1
2506,0.999979
2507,0.84619
2508,1
2509,1
2510,1
2511,0.999998
2512,0.999512
2513,1
2514,0.999993
2515,0.999983
2516,1
2517,0.998997
2518,0.999991
2519,0.898856
2520,1
2521,0.999996
2522,1
2523,0.999995
2524,1
2525,0.999998
2526,0.989557
2527,1
2528,1
2529,0.999998
2530,0.939542
2531,0.999889
2532,0.817265
2533,1
2534,0.996168
2535,0.999673
2536,0.999787
2537,1
2538,0.999998
2539,0.984921
2540,0.999979
2541,1
2542,0.999996
2543,3.11136e-05
2544,0.999999
2545,0.999909
2546,3.69549e-06
2547,0.89301
2548,0
2549,1
2550,1
2551,0.999988
2552,0.973406
2553,0.998637
2554,1
2555,1
2556,1
2557,0.999993
2558,1
2559,0.992439
2560,0.999888
2561,1
2562,0.999999
2563,0.999993
2564,0.999996
2565,1
2566,0.957977
2567,1
2568,0.99977
2569,0.999996
2570,2.14577e-06
2571,1
2572,0.999999
2573,1
2574,0.999997
2575,1
2576,0.999992
2577,1
2578,0
2579,0
2580,0.999996
2581,0.999999
2582,0.999994
2583,1
2584,1
2585,1
2586,1
2587,0.999999
2588,1
2589,0.00108743
2590,1
2591,1
2592,1
2593,0.999972
2594,0.999992
2595,1
2596,0.999998
2597,1
2598,1
2599,1
2600,0.00904959
2601,0.999661
2602,0.000890434
2603,0.999952
2604,0.99757
2605,0.986337
2606,0.011753
2607,1
2608,0.00564176
2609,0.348827
2610,0.999699
2611,0.999997
2612,0.999996
2613,0.999998
2614,0.999999
2615,1
2616,0.601912
2617,0.99985
2618,1
2619,0.999957
2620,1
2621,1
2622,0
2623,0.999827
2624,1
2625,0.999993
2626,0.9532
2627,1
2628,0.00392854
2629,1
2630,0.140108
2631,0.999999
2632,0.997019
2633,0
2634,1
2635,0.989319
2636,0.999968
2637,0.999676
2638,0.944246
2639,0.999995
2640,0.999951
2641,1
2642,0.934351
2643,1
2644,0.99913
2645,1
2646,1
2647,0.998984
2648,1
2649,0.999972
2650,0.969893
2651,0.999998
2652,1
2653,1
2654,0.999531
2655,0.991588
2656,1
2657,0.999749
2658,0.999173
2659,0.999971
2660,1
2661,1
2662,0.999733
2663,1
2664,0.845251
2665,1
2666,0.999802
2667,0.999999
2668,0.0687778
2669,1
2670,1
2671,0
2672,0.999983
2673,0.999973
2674,0.00382859
2675,0.738539
2676,0.999999
2677,0.991667
2678,0.715478
2679,1
2680,1
2681,1
2682,0.167271
2683,1
2684,0.999996
2685,0
2686,1
2687,0.371101
2688,1
2689,1
2690,0.844399
2691,0.997595
2692,0.999992
2693,0.999994
2694,1
2695,0.994696
2696,0.999033
2697,0.999973
2698,0.99969
2699,0.999996
2700,0.999912
2701,0.999709
2702,1
2703,2.14577e-05
2704,1
2705,1
2706,0.998685
2707,0.999968
2708,0.999999
2709,0.00112897
2710,0.971172
2711,0.999199
2712,1
2713,0.999995
2714,0.999954
2715,1
2716,0.999999
2717,1
2718,0.937071
2719,1
2720,0.999984
2721,0.999639
2722,2.38419e-07
2723,0.999637
2724,1
2725,0.999999
2726,0.999966
2727,0.998428
2728,0.999991
2729,0.999915
2730,1
2731,0.913014
2732,0.999734
2733,1
2734,1
2735,1
2736,0.999988
2737,0.190194
2738,1
2739,0.999624
2740,1
2741,0.998209
2742,1
2743,1
2744,0.999978
2745,1
2746,1
2747,0.0165592
2748,0.999957
2749,0.99998
2750,0.999996
2751,0.999987
2752,3.57628e-07
2753,1
2754,0.999993
2755,0.996925
2756,1
2757,0.999013
2758,0.99964
2759,0.828865
2760,1
2761,1
2762,0.999984
2763,0.8675
2764,0.999998
2765,1
2766,0.999998
2767,0.999989
2768,0.99997
2769,0.999984
2770,0.999946
2771,1
2772,0.999995
2773,0.997638
2774,6.07967e-06
2775,1
2776,1
2777,0.999983
2778,1
2779,1
2780,0.999997
2781,0.999983
2782,0.999957
2783,1
2784,0.99978
2785,0.999999
2786,0.999999
2787,0.99999
2788,1
2789,0.999749
2790,1
2791,1
2792,0.999859
2793,1
2794,1
2795,1
2796,5.96046e-07
2797,0.999923
2798,0.999975
2799,0.925714
2800,0.978739
2801,0
2802,0.999943
2803,0.999461
2804,0.999608
2805,1
2806,0.999993
2807,1
2808,0.10722
2809,0.967616
2810,1
2811,0.999874
2812,0.429436
2813,0.25273
2814,0
2815,0.98959
2816,1
2817,0.999998
2818,0.999685
2819,0.99997
2820,0.999973
2821,0.999999
2822,0.997521
2823,0
2824,0.999811
2825,0.999997
2826,0.999931
2827,0.952346
2828,0.999915
2829,0.999995
2830,0.999996
2831,1
2832,1
2833,0.999953
2834,1
2835,0.994977
2836,0.999998
2837,0.837986
2838,0.999939
2839,0.999997
2840,1
2841,0.999714
2842,0
2843,1
2844,1
2845,0.0710692
2846,1
2847,1
2848,0.999976
2849,0.999994
2850,0.999944
2851,1
2852,1.19209e-06
2853,0.999046
2854,0.997168
2855,0.999998
2856,0.999999
2857,0.999995
2858,1
2859,1
2860,0.999911
2861,1
2862,0.771395
2863,0.692355
2864,0.000194848
2865,0.996429
2866,0.999989
2867,0.999997
2868,0.00125962
2869,0.999991
2870,0
2871,0.999995
2872,0.999997
2873,0.0673813
2874,0.999983
2875,1
2876,1
2877,1
2878,0.287433
2879,1
2880,0.999862
2881,0.981957
2882,1
2883,0.999994
2884,0.98761
2885,0.999968
2886,1
2887,0.998536
2888,1
2889,0.789481
2890,1
2891,1
2892,3.57628e-07
2893,0.999805
2894,1
2895,0.999993
2896,0.999995
2897,0.999977
2898,1
2899,1
2900,0.998095
2901,0.922258
2902,1
2903,1
2904,1
2905,1
2906,1
2907,1
2908,0.997396
2909,0.999999
2910,1
2911,1
2912,0.982616
2913,0.999973
2914,0.999864
2915,0.381343
2916,0.999999
2917,1
2918,0.999999
2919,1
2920,0.235992
2921,0.528858
2922,1
2923,0.99981
2924,1
2925,0.9981
2926,1
2927,1
2928,1
2929,0.999946
2930,1
2931,0.999982
2932,1
2933,1
2934,1
2935,1
2936,1
2937,0.999979
2938,1
2939,1
2940,0.999995
2941,0.999899
2942,1
2943,0.999999
2944,0
2945,0.000291765
2946,0.999999
2947,0.999999
2948,0
2949,0.999903
2950,1
2951,0.00046134
2952,0.350193
2953,0.999988
2954,0.456674
2955,1
2956,6.65188e-05
2957,1
2958,1
2959,0.99952
2960,0.9583
2961,1
2962,0.999285
2963,0.999997
2964,1
2965,0.999991
2966,1
2967,1
2968,1
2969,0.994663
2970,0.999552
2971,1
2972,1
2973,0.996376
2974,0.429857
2975,0.999999
2976,1
2977,1
2978,0.163576
2979,0.999994
2980,0.999986
2981,0.999978
2982,0
2983,0.014386
2984,0.999973
2985,0.999943
2986,1
2987,1
2988,0.99993
2989,0.0178276
2990,0.999996
2991,1
2992,0.999958
2993,1
2994,0.999813
2995,0.999978
2996,1
2997,0.999994
2998,1
2999,0.999998
3000,0.968352
3001,0.999997
3002,1
3003,1
3004,0.969066
3005,0.999996
3006,0.999998
3007,1
3008,0.999966
3009,0.99999
3010,0.999998
3011,1
3012,1
3013,1
3014,1
3015,0.999989
3016,0.999904
3017,1
3018,0.999998
3019,0.999975
3020,0.999995
3021,0.999536
3022,0.936349
3023,0.999966
3024,3.8147e-06
3025,0.00178552
3026,0.999992
3027,1
3028,0.999997
3029,1
3030,1
3031,0.0108638
3032,1
3033,0
3034,1
3035,0.998328
3036,1
3037,1
3038,1
3039,1
3040,1
3041,0.999997
3042,1
3043,0.999998
3044,1
3045,0.999734
3046,8.70228e-05
3047,0.999999
3048,0.999774
3049,1
3050,1
3051,0.99954
3052,0.999998
3053,0.999999
3054,0.999958
3055,0.98848
3056,0.999999
3057,1
3058,0.964198
3059,1
3060,1
3061,1
3062,0.999717
3063,0.999792
3064,1
3065,1
3066,0.999999
3067,0.999987
3068,0.999997
3069,0.999997
3070,0.971928
3071,0.999993
3072,1
3073,0.999979
3074,1
3075,0
3076,1
3077,1
3078,0.999997
3079,0.557753
3080,0.999999
3081,1
3082,1
3083,0.997569
3084,1
3085,0.999728
3086,0.999971
3087,1
3088,0.446792
3089,0.999987
3090,1
3091,0.99998
3092,1
3093,0.999988
3094,1
3095,1
3096,0.999991
3097,1
3098,0.999999
3099,0.999994
3100,0.999999
3101,1
3102,0.999878
3103,0.999604
3104,0.999999
3105,1
3106,0.999991
3107,1
3108,1
3109,1
3110,1.19209e-07
3111,0.999935
3112,0.998998
3113,1
3114,1
3115,0.999994
3116,0.999998
3117,1
3118,0.999995
3119,0.999997
3120,0.999998
3121,0.998892
3122,0.999856
3123,0.999852
3124,0.000114202
3125,0.986203
3126,0.987716
3127,0.977639
3128,1
3129,0.999913
3130,1
3131,0.999785
3132,1
3133,0.999979
3134,1
3135,1
3136,1
3137,1
3138,0.997967
3139,0.40397
3140,0.307413
3141,0.0438733
3142,0.999998
3143,0.999953
3144,4.52995e-05
3145,0.999868
3146,0.999998
3147,0.999992
3148,0.964739
3149,0.946504
3150,0.999997
3151,0.999999
3152,0.999998
3153,1
3154,1
3155,1
3156,0.999923
3157,0.999934
3158,0.999994
3159,1
3160,1
3161,1
3162,1
3163,1
3164,1
3165,1
3166,1
3167,1
3168,0.999996
3169,0.999931
3170,0.999973
3171,0.999996
3172,0.99753
3173,0.999994
3174,0.999998
3175,1
3176,1
3177,0
3178,0.9998
3179,1
3180,1
3181,0.999982
3182,1
3183,0.964693
3184,1
3185,1
3186,0.188288
3187,0.99997
3188,0.999989
3189,1
3190,0.999972
3191,1
3192,0.999998
3193,0
3194,1
3195,1
3196,1
3197,1
3198,1
3199,0.999982
3200,1
3201,0.993015
3202,1
3203,0.999998
3204,0
3205,0.999906
3206,1
3207,1
3208,0.999999
3209,0.999998
3210,0.992326
3211,1
3212,1
3213,1
3214,0.999997
3215,1
3216,1
3217,1
3218,1
3219,0.999928
3220,0.997564
3221,0.995491
3222,1
3223,0.99972
3224,0.999987
3225,0.999996
3226,1
3227,1
3228,1
3229,0
3230,0.999948
3231,1
3232,1
3233,0.999985
3234,0.946124
3235,1
3236,1
3237,1
3238,1
3239,0.999997
3240,0.991447
3241,1
3242,1
3243,0
3244,0.999994
3245,1
3246,1
3247,1
3248,0.99979
3249,0.0192698
3250,0.00148302
3251,1
3252,1
3253,0.0119217
3254,1
3255,0.999944
3256,0.999997
3257,0.0117077
3258,0.595895
3259,0.999599
3260,1
3261,1
3262,1
3263,0.96775
3264,0.76567
3265,0.984684
3266,1
3267,4.50611e-05
3268,1
3269,0.000200808
3270,1
3271,0.999999
3272,0.999997
3273,1
3274,1
3275,0.97816
3276,0.99997
3277,0.999998
3278,0.999987
3279,0.00309259
3280,0.999997
3281,1
3282,1
3283,0.999999
3284,1
3285,0.999771
3286,0.629355
3287,1
3288,1
3289,0.998637
3290,0.999992
3291,1
3292,1
3293,1
3294,0.999774
3295,0.999789
3296,1
3297,0.999999
3298,1
3299,1
3300,0.999984
3301,1
3302,0.999999
3303,0.999992
3304,0.999999
3305,0.327226
3306,2.02656e-06
3307,1
3308,0.999999
3309,0.1415
3310,1
3311,0.979414
3312,1
3313,0.993976
3314,0.999998
3315,0.872139
3316,0.999999
3317,1
3318,0.999067
3319,0.999939
3320,0.999988
3321,0.999877
3322,1
3323,0.999998
3324,0.999998
3325,1
3326,0
3327,0.00048697
3328,0.0220252
3329,0
3330,1
3331,1
3332,0.999896
3333,1
3334,1
3335,3.33786e-06
3336,1
3337,0.998856
3338,1
3339,1
3340,0.999922
3341,1
3342,1
3343,1
3344,0.999984
3345,1
3346,1
3347,0.999998
3348,0.99992
3349,0.999997
3350,0
3351,0.99993
3352,1
3353,1
3354,1
3355,0.999713
3356,1
3357,0.999999
3358,0.999998
3359,0.999999
3360,0.999635
3361,1
3362,1
3363,1
3364,1
3365,0.987344
3366,0
3367,0.996843
3368,0.161221
3369,0.999964
3370,1
3371,0.999999
3372,0.986924
3373,0.996558
3374,0.00667453
3375,0.999895
3376,0.999998
3377,0
3378,1
3379,0.844903
3380,1
3381,1
3382,1
3383,0
3384,0.999996
3385,0.53468
3386,0.999994
3387,1
3388,0.999993
3389,0.999943
3390,3.93391e-06
3391,0.999999
3392,1
3393,0.0840744
3394,1
3395,1
3396,0.999987
3397,0.999881
3398,0.999985
3399,0.999996
3400,1
3401,0.999968
3402,0.999998
3403,1
3404,1
3405,1
3406,1
3407,1
3408,1
3409,0.999975
3410,1
3411,1
3412,0.999999
3413,0.999993
3414,1
3415,1
3416,0.999996
3417,1
3418,0.999996
3419,0.999996
3420,0.99997
3421,0.999999
3422,0.99992
3423,0.999668
3424,0.999998
3425,0.999998
3426,1
3427,0.999993
3428,0.0260283
3429,1
3430,9.98974e-05
3431,1
3432,0.999544
3433,1
3434,1
3435,1
3436,0.999873
3437,0.999959
3438,0
3439,0.883119
3440,0.999679
3441,0.999894
3442,0.634806
3443,1
3444,0.999994
3445,0.986476
3446,0.999994
3447,0.999859
3448,0.99981
3449,0.994712
3450,0.999994
3451,0.987224
3452,1
3453,0.879544
3454,0.99999
3455,0.999973
3456,0.998477
3457,1
3458,0.999984
3459,0.981133
3460,1
3461,1
3462,0.999998
3463,1
3464,1
3465,0
3466,1
3467,1
3468,0.99993
3469,0.999903
3470,0.999859
3471,1
3472,0.999985
3473,0.000579476
3474,1
3475,1
3476,0.999997
3477,0.999209
3478,0
3479,0.999998
3480,7.04527e-05
3481,0.999999
3482,0.391753
3483,0.999931
3484,0.999952
3485,0.999999
3486,1
3487,1
3488,1
3489,1
3490,1
3491,0.9993
3492,0.999969
3493,1.19209e-07
3494,1
3495,0.230435
3496,1
3497,1
3498,0.998642
3499,1
3500,0.8748
3501,1
3502,0.803117
3503,1
3504,1
3505,0.99999
3506,1
3507,1
3508,0.999932
3509,0.099817
3510,1
3511,0.999852
3512,0.959409
3513,0.999998
3514,0.9035
3515,0.920294
3516,1
3517,1
3518,0.999346
3519,0.999999
3520,1
3521,1
3522,1
3523,2.38419e-07
3524,1
3525,0.212833
3526,0.999977
3527,0.000119686
3528,0.999977
3529,0.000233948
3530,1
3531,0.999997
3532,1
3533,1
3534,0.997915
3535,1
3536,0.999995
3537,0.999502
3538,1
3539,0.999998
3540,0.99999
3541,0.0611485
3542,1
3543,1
3544,0.999998
3545,0.715668
3546,0.999993
3547,0.999873
3548,0.998928
3549,1
3550,0.999993
3551,1
3552,0.999999
3553,0.999858
3554,0.999962
3555,0.610096
3556,1
3557,0.999998
3558,1
3559,0.999996
3560,0.999998
3561,0.887675
3562,0.998777
3563,0.995333
3564,0
3565,0.961394
3566,1
3567,1
3568,0.988069
3569,1
3570,0.999976
3571,0
3572,0.999999
3573,0.999995
3574,1
3575,1
3576,1
3577,1
3578,1
3579,0.999998
3580,1
3581,0.999575
3582,0.999761
3583,1
3584,0.998581
3585,0.999951
3586,1
3587,0.0441514
3588,0.999978
3589,0.999999
3590,1
3591,0.123406
3592,0.140795
3593,0.999328
3594,1
3595,1
3596,0.999958
3597,1
3598,0.999989
3599,0.999997
3600,0.999999
3601,1
3602,0.999989
3603,0.998743
3604,1
3605,1
3606,0.999927
3607,0.999981
3608,0.999961
3609,0.995346
3610,0.999994
3611,0.999976
3612,0.224886
3613,0.999999
3614,0.855031
3615,0.999998
3616,0
3617,0.999999
3618,0.979223
3619,8.34465e-07
3620,0.99774
3621,1
3622,1
3623,1
3624,0.999871
3625,1
3626,0.999992
3627,0.996779
3628,1
3629,0.999949
3630,0.999562
3631,0.999999
3632,1
3633,0.99986
3634,2.98023e-06
3635,0.804804
